{
    "r2_high": -0.19099894502832826,
    "r2_low": 0.01227894575389854
}