{
    "r2_high": 0.49738474481525363,
    "r2_low": 0.07586607471006834
}