{
    "r2_high": 0.6062062155425272,
    "r2_low": 0.09020392345889527
}