{
    "r2_high": 0.2569303424823448,
    "r2_low": -0.027861288569584586
}