{
    "r2_high": 0.49603056556199365,
    "r2_low": 0.0017668612256404037
}