{
    "r2_high": 0.18526022889413518,
    "r2_low": 0.01200014166709873
}