{
    "r2_high": -0.521500523547324,
    "r2_low": -0.21292199995884875
}