{
    "r2_high": -0.33201380465826724,
    "r2_low": 0.01509567296244485
}