{
    "r2_high": 0.4147132594680154,
    "r2_low": 0.1079970587160679
}