{
    "r2_high": 0.22453658530510956,
    "r2_low": 0.09405526760983862
}