{
    "r2_high": 0.2770716782123859,
    "r2_low": 0.09254018956690402
}