{
    "r2_high": 0.43035383579622966,
    "r2_low": 0.17580526171075905
}