{
    "r2_high": -1.1052598100817441,
    "r2_low": -0.33958529653914193
}