{
    "r2_high": -0.5590754724129963,
    "r2_low": -0.3156707203315656
}