{
    "r2_high": 0.3887608497662324,
    "r2_low": 0.03682659922968334
}