{
    "r2_high": -0.754285992227127,
    "r2_low": -52.95664349085192
}