{
    "r2_high": 0.14218258572151443,
    "r2_low": 0.1936127473138043
}