{
    "r2_high": -0.9321538194146932,
    "r2_low": 0.10778877734330505
}