{
    "r2_high": 0.036173131227031474,
    "r2_low": 0.036121788789814424
}