{
    "r2_high": -0.11289909728659175,
    "r2_low": 0.11738515676918948
}