{
    "r2_high": 0.37886586620758134,
    "r2_low": -0.8006878974504279
}