{
    "r2_high": -0.7656476461684478,
    "r2_low": 0.009085491678231472
}