{
    "r2_high": -0.4333354700272778,
    "r2_low": 0.20842851626509884
}