{
    "r2_high": 0.4261265995661634,
    "r2_low": 0.12928694554023068
}