{
    "r2_high": 0.6706238981070805,
    "r2_low": 0.11811155596597966
}