{
    "r2_high": -0.3491833150812753,
    "r2_low": -102.99859050701576
}