{
    "r2_high": -0.09050852698984313,
    "r2_low": 0.014465124609060132
}