{
    "r2_high": 0.2134113828031453,
    "r2_low": -0.047649963783920946
}