{
    "r2_high": -0.21981397458803387,
    "r2_low": 0.07070533063265572
}