{
    "r2_high": 0.583108696251621,
    "r2_low": 0.18121872935590677
}