{
    "r2_high": 0.322762266455507,
    "r2_low": 0.1303282611823776
}