{
    "r2_high": -0.22941748195186573,
    "r2_low": 0.15389906542631693
}