{
    "r2_high": 0.26530058928073696,
    "r2_low": 0.03217457488543041
}