{
    "r2_high": -0.012762931688607315,
    "r2_low": 0.010046807539187297
}