{
    "r2_high": 0.3939686231580113,
    "r2_low": 0.11417815361192085
}