{
    "r2_high": -0.0359367653261875,
    "r2_low": 0.03353819761265686
}