{
    "r2_high": 0.6798090724484567,
    "r2_low": 0.06467384002822707
}