{
    "r2_high": 0.408537633384228,
    "r2_low": 0.130449861125002
}