{
    "r2_high": -9.317918225377332,
    "r2_low": 0.07275636330090074
}