{
    "r2_high": 0.04516264485232291,
    "r2_low": 0.05933749369459129
}