{
    "r2_high": 0.35599826663553225,
    "r2_low": 0.19713061364186224
}