{
    "r2_high": 0.03695874733481175,
    "r2_low": 0.1685773358139946
}