{
    "r2_high": 0.5313313176058776,
    "r2_low": 0.016131182681313416
}