{
    "r2_high": 0.5637613245807774,
    "r2_low": -38.954127469912734
}