{
    "r2_high": 0.3788242354654162,
    "r2_low": 0.14597878788731788
}