{
    "r2_high": 0.4146371333071288,
    "r2_low": 0.10271216088314783
}