{
    "r2_high": 0.3428121477692365,
    "r2_low": -0.06758986104661435
}