{
    "r2_high": -1.4895117225727534,
    "r2_low": 0.04127833288084226
}