{
    "r2_high": 0.17932083461797843,
    "r2_low": -17.64755830435028
}