{
    "r2_high": -0.16186225329177506,
    "r2_low": 0.02327039205572623
}