{
    "r2_high": 0.07497821629031076,
    "r2_low": 0.1515949419197662
}