{
    "r2_high": 0.2970804119463637,
    "r2_low": 0.0657498342877505
}