{
    "r2_high": 0.3141868565471362,
    "r2_low": 0.04885383774107843
}