{
    "r2_high": -0.25664346386289894,
    "r2_low": 0.1731127898293623
}