{
    "r2_high": -0.9938487765426334,
    "r2_low": 0.11019564472576215
}