{
    "r2_high": -0.07931925017945374,
    "r2_low": 0.17541934211184806
}