{
    "r2_high": 0.16552321853150598,
    "r2_low": 0.08167048524965437
}