{
    "r2_high": 0.16305494023031186,
    "r2_low": 0.06364989653448494
}