{
    "r2_high": 0.06940035306777559,
    "r2_low": 0.057347954237162435
}