{
    "r2_high": 0.15320251913802974,
    "r2_low": -0.19375477069613156
}