{
    "r2_high": 0.5556172865643658,
    "r2_low": -0.45400229688623917
}