{
    "r2_high": 0.4071515878455457,
    "r2_low": -0.053165213535661504
}