{
    "r2_high": -0.1829316761919526,
    "r2_low": 0.05525466298497539
}