{
    "r2_high": 0.005681724927037335,
    "r2_low": 0.005486255619252534
}