{
    "r2_high": -0.32917806620844003,
    "r2_low": 0.09322953948099122
}