{
    "r2_high": -2.921295005778786,
    "r2_low": -0.03438300045932774
}