{
    "r2_high": 0.3588401991692056,
    "r2_low": 0.08679159661049851
}