{
    "r2_high": 0.49753057998625627,
    "r2_low": 0.1032933556374721
}