{
    "r2_high": 0.4956938468727251,
    "r2_low": 0.0011110763286359404
}