{
    "r2_high": -0.9473829774128226,
    "r2_low": -0.030583287860237895
}