{
    "r2_high": -0.19545992718430094,
    "r2_low": 0.1764151118723677
}