{
    "r2_high": 0.6345110981100857,
    "r2_low": -0.0789787635104664
}