{
    "r2_high": -0.005047450642104989,
    "r2_low": 0.07056895295697407
}