{
    "r2_high": -0.5219472391609883,
    "r2_low": -0.00916567811668667
}