{
    "r2_high": 0.29657455858246307,
    "r2_low": 0.07116400213875085
}