{
    "r2_high": 0.18318315515258277,
    "r2_low": 0.09648432593000078
}