{
    "r2_high": 0.1587468779175384,
    "r2_low": 0.04028489971683724
}