{
    "r2_high": 0.13668460484412437,
    "r2_low": 0.09978509004790204
}