{
    "r2_high": 0.09800591060726682,
    "r2_low": 0.11173887088218803
}