{
    "r2_high": 0.5485608439375225,
    "r2_low": -0.07557128186819595
}