{
    "r2_high": 0.14691575870741358,
    "r2_low": -0.14425143104583849
}