{
    "r2_high": -0.07201400973707628,
    "r2_low": -0.05891094867306634
}