{
    "r2_high": 0.34805890713775134,
    "r2_low": 0.03038573989785809
}