{
    "r2_high": 0.327342451125329,
    "r2_low": 0.14211437168712082
}