{
    "r2_high": 0.2535872903704077,
    "r2_low": 0.12429607760978145
}