{
    "r2_high": -0.772041652652564,
    "r2_low": 0.010685779546704688
}