{
    "r2_high": 0.571741392282819,
    "r2_low": 0.0755384517868718
}