{
    "r2_high": -0.10332505351418853,
    "r2_low": 0.01420224114888069
}