{
    "r2_high": 0.6601642501828024,
    "r2_low": 0.06075470014573103
}