{
    "r2_high": 0.09621632890893228,
    "r2_low": 0.06202419479701171
}