{
    "r2_high": -0.8144418835897265,
    "r2_low": 0.1388908499421625
}