{
    "r2_high": 0.6605694499502426,
    "r2_low": 0.07451194001619965
}