{
    "r2_high": -0.7834723722839547,
    "r2_low": 0.046636385968575444
}