{
    "r2_high": 0.5597555170348387,
    "r2_low": 0.026942078140350656
}