{
    "r2_high": -2.9843041122702765,
    "r2_low": 0.0699299923202874
}