{
    "r2_high": 0.5390763471458272,
    "r2_low": 0.026534228886477607
}