{
    "r2_high": 0.34360845927134964,
    "r2_low": 0.02399197489123961
}