{
    "r2_high": 0.030140025970465945,
    "r2_low": -0.07410050945416691
}