{
    "r2_high": -0.6772719462730679,
    "r2_low": -0.05357758203947882
}