{
    "r2_high": 0.3980411845275812,
    "r2_low": 0.00511651004326108
}