{
    "r2_high": 0.46982323014559246,
    "r2_low": 0.0466162319989567
}