{
    "r2_high": 0.04713690187449382,
    "r2_low": 0.06839263830141895
}