{
    "r2_high": 0.07104088807777575,
    "r2_low": -0.5034082919872218
}