{
    "r2_high": -2.611058396867757,
    "r2_low": 0.12974015799485816
}