{
    "r2_high": -0.3862393303724594,
    "r2_low": 0.16584331676001307
}