{
    "r2_high": -0.15661155441150187,
    "r2_low": -0.0781270211761147
}