{
    "r2_high": 0.48195407024565007,
    "r2_low": 0.04953415007180817
}