{
    "r2_high": 0.40261818797087345,
    "r2_low": 0.009738112463754445
}