{
    "r2_high": 0.3380461375993029,
    "r2_low": 0.05050988321725214
}