{
    "r2_high": 0.014633124391218,
    "r2_low": 0.060963598689130816
}