{
    "r2_high": -0.6746469410103233,
    "r2_low": 0.16486275118293947
}