{
    "r2_high": 0.31745216256230846,
    "r2_low": 0.10133362729029538
}