{
    "r2_high": 0.11621519226471433,
    "r2_low": 0.1422710585760233
}