{
    "r2_high": -0.0072453287809139955,
    "r2_low": 0.08577131447157393
}