{
    "r2_high": 0.07672843560078368,
    "r2_low": 0.06911984385789727
}