{
    "r2_high": -1.1463149165067725,
    "r2_low": 0.1596055998355026
}