{
    "r2_high": 0.00445916476891961,
    "r2_low": 0.09917439841849862
}