{
    "r2_high": 0.334003819002025,
    "r2_low": -0.12271937751513162
}