{
    "r2_high": 0.43890328730567185,
    "r2_low": -0.016203096460223332
}