{
    "r2_high": 0.037146739492651015,
    "r2_low": 0.13515564336172192
}