{
    "r2_high": -0.04409390853817463,
    "r2_low": 0.08271722612764454
}