{
    "r2_high": 0.4685264345101309,
    "r2_low": 0.038361316798266265
}