{
    "r2_high": -0.014322877219181684,
    "r2_low": 0.003129705496769386
}