{
    "r2_high": -0.07225019486666096,
    "r2_low": 0.0831936396981976
}