{
    "r2_high": 0.4247178277318756,
    "r2_low": 0.12143187494278551
}