{
    "r2_high": 0.44679803886461755,
    "r2_low": 0.04598928361287269
}