{
    "r2_high": 0.5578389653855715,
    "r2_low": 0.1345314340857522
}