{
    "r2_high": 0.5675727654113398,
    "r2_low": -0.00841864333552711
}