{
    "r2_high": 0.1693972804392948,
    "r2_low": 0.1583735720961703
}