{
    "r2_high": -0.04778664087380102,
    "r2_low": 0.1318246885720853
}