{
    "r2_high": 0.8797555256903821,
    "r2_low": 0.023663729895807672
}