{
    "r2_high": -0.6357017929220601,
    "r2_low": 0.10125293288357529
}