{
    "r2_high": 0.5937366602204177,
    "r2_low": 0.14023099429796804
}