{
    "r2_high": -0.5455848666807297,
    "r2_low": 0.09868723099369348
}