{
    "r2_high": -0.3979454888612417,
    "r2_low": 0.04982128033210398
}