{
    "r2_high": 0.5362165994411273,
    "r2_low": 0.03925310207573329
}