{
    "r2_high": -0.03154785796881021,
    "r2_low": -0.02611935943732524
}