{
    "r2_high": -0.1918481337436344,
    "r2_low": 0.05233971515621905
}