{
    "r2_high": 0.4166333475084838,
    "r2_low": 0.1619248650535854
}