{
    "r2_high": 0.2204879748383528,
    "r2_low": 0.02455042205967828
}