{
    "r2_high": 0.22520798045376766,
    "r2_low": 0.05914374727577687
}