{
    "r2_high": -0.7103379464057409,
    "r2_low": 0.21342398302444165
}