{
    "r2_high": -1.104559129653814,
    "r2_low": 0.19570898573749063
}