{
    "r2_high": 0.21175367788167787,
    "r2_low": -0.007312055673915685
}