{
    "r2_high": 0.16831899382571724,
    "r2_low": 0.10343581552665848
}