{
    "r2_high": 0.38368104248905743,
    "r2_low": 0.1425825954861869
}