{
    "r2_high": 0.39446375714726767,
    "r2_low": 0.036321500046688215
}