{
    "r2_high": 0.01157912445795517,
    "r2_low": 0.09375414390659731
}