{
    "r2_high": 0.45849915722080636,
    "r2_low": 0.08825581196696397
}