{
    "r2_high": -0.008340319962664378,
    "r2_low": -0.013261523960900412
}