{
    "r2_high": 0.7565101839477115,
    "r2_low": 0.04065577509072693
}