{
    "r2_high": 0.6289435498143986,
    "r2_low": 0.004242541859910132
}