{
    "r2_high": -3.0014270934338025,
    "r2_low": 0.03923707143952293
}