{
    "r2_high": -1.1773580505136092,
    "r2_low": 0.030413250409438985
}