{
    "r2_high": 0.47168930805651976,
    "r2_low": 0.1608035230629472
}