{
    "r2_high": 0.6186335815796788,
    "r2_low": 0.016931836626907226
}