{
    "r2_high": -1.2214937124455845,
    "r2_low": 0.04953837458502408
}