{
    "r2_high": -2.0023774315597365,
    "r2_low": 0.1508862251394284
}