{
    "r2_high": 0.34339481709633535,
    "r2_low": 0.047741127246753945
}