{
    "r2_high": 0.37881620899932966,
    "r2_low": -0.8741825812747446
}