{
    "r2_high": -3.7613241350409714,
    "r2_low": 0.057581227512640054
}