{
    "r2_high": 0.28865304535766445,
    "r2_low": 0.03786709821526357
}