{
    "r2_high": 0.5180571525064481,
    "r2_low": 0.13401981150984477
}