{
    "r2_high": -0.15820296564359992,
    "r2_low": 0.07987191449675923
}