{
    "r2_high": 0.35020279604552706,
    "r2_low": -0.016935597514480483
}