{
    "r2_high": -4.105609144654975,
    "r2_low": 0.16845839734118984
}