{
    "r2_high": -0.4630132812974759,
    "r2_low": 0.09021606771661905
}