{
    "r2_high": -1.3472378586512663,
    "r2_low": 0.1245662751257659
}