{
    "r2_high": 0.19231939663557107,
    "r2_low": -0.043188320922789014
}