{
    "r2_high": 0.0190645157603353,
    "r2_low": 0.09339518498150357
}