{
    "r2_high": 0.11930325995631208,
    "r2_low": -0.004109890859663068
}