{
    "r2_high": 0.477023132700654,
    "r2_low": 0.04998385812319783
}