{
    "r2_high": 0.3441249127719106,
    "r2_low": -0.006469595402917472
}