{
    "r2_high": 0.17997965092234647,
    "r2_low": -38.03696766846774
}