{
    "r2_high": 0.15732408659045205,
    "r2_low": 0.0838080992637027
}