{
    "r2_high": -0.07958263438112656,
    "r2_low": -0.060222799331901555
}