{
    "r2_high": 0.10410488089310854,
    "r2_low": 0.13231217264621886
}