{
    "r2_high": -0.19404949408213468,
    "r2_low": 0.19413101371621178
}