{
    "r2_high": -1.0491929990813706,
    "r2_low": 0.11044288361892374
}