{
    "r2_high": -0.43434791282178375,
    "r2_low": 0.0818848560878741
}