{
    "r2_high": -0.41716299443966065,
    "r2_low": 0.08797885979682285
}