{
    "r2_high": 0.2915945448398447,
    "r2_low": 0.21213793461760766
}