{
    "r2_high": 0.1270952005181244,
    "r2_low": 0.03323787160419445
}