{
    "r2_high": -0.05801265150081436,
    "r2_low": -0.042404811430103884
}