{
    "r2_high": -0.7922897828532918,
    "r2_low": 0.004658569822461267
}