{
    "r2_high": 0.37080623505849175,
    "r2_low": 0.07766215347723515
}