{
    "r2_high": 0.00544993957080786,
    "r2_low": -0.3557265705257533
}