{
    "r2_high": -0.2506255863586442,
    "r2_low": 0.08760032252133576
}