{
    "r2_high": 0.05687829946649037,
    "r2_low": 0.042222941944661696
}