{
    "r2_high": 0.42688334655654037,
    "r2_low": 0.022374354403843277
}