{
    "r2_high": 0.006487324460627608,
    "r2_low": 0.05237554693430524
}