{
    "r2_high": 0.2857632323812388,
    "r2_low": 0.06081874797247988
}