{
    "r2_high": -1.5193779612614282,
    "r2_low": 0.18662640470987846
}