{
    "r2_high": -0.0912093284236406,
    "r2_low": -43.727448353272145
}