{
    "r2_high": 0.418761333511827,
    "r2_low": -0.02641652124299121
}