{
    "r2_high": -10.340326548371937,
    "r2_low": 0.029581917358103893
}