{
    "r2_high": 0.2836670915524806,
    "r2_low": 0.10404954998487315
}