{
    "r2_high": 0.3830643670119662,
    "r2_low": 0.20513565242092502
}