{
    "r2_high": 0.5381711123587698,
    "r2_low": 0.02778373177833926
}