{
    "r2_high": 0.4018619230831785,
    "r2_low": 0.009313590970213115
}